{"Central sulcus": [[-27.878870697765137, 111.08739359881429], [-29.33742272311872, 104.4983252007853], [-27.87886902445348, 94.33550376350684], [-26.420315328441177, 87.07634559402226], [-24.961761632433024, 81.2690190584346], [-20.58610054440868, 74.00986088895002], [-17.66899315239243, 65.29887108556846], [-11.834778368359935, 55.136049648290054], [-10.376224672351782, 43.52139657711473], [-8.917670976343686, 34.81040677373318], [-6.000563584327438, 24.647585336454767], [-6.000563584327438, 13.032932265279385]], "Post central sulcus": [[-52.674281856587356, 98.69099866519764], [-55.591389248603605, 88.52817722791917], [-55.591389248603605, 78.36535579064076], [-52.674281856587356, 68.2025343533623], [-52.674281856587356, 60.94337618387772], [-49.75717446457111, 50.78055474659931], [-42.464405984530515, 44.973228211011644], [-39.54729859251427, 37.71407004152701], [-33.71308380848177, 30.45491187204243], [-29.337422720457425, 24.647585336454767]], "Parieto occipital sulcus": [[-170.8171312332454, 113.84218741196048], [-164.9829164492129, 112.39035577806357], [-156.23159427316415, 109.48669251026973], [-154.77304057715602, 103.67936597468207], [-147.48027209711543, 94.96837617130052], [-146.0217184011073, 94.96837617130052], [-140.1875036170748, 90.61288126960977]], "Superior frontal sulcus": [[10.043527071761957, 69.65436598725921], [14.419188159786302, 68.2025343533623], [21.71195663982695, 68.2025343533623], [27.546171423859448, 65.29887108556846], [34.83893990390004, 66.75070271946538], [37.75604729591629, 65.29887108556846], [46.507369471965035, 62.39520781777463], [47.96592316797313, 56.58788128218697], [50.88303055998938, 52.23238638049622], [61.09290643204628, 50.78055474659931], [65.46856752007062, 47.876891478805476], [72.76133600011127, 44.973228211011644], [74.21988969611937, 43.52139657711473]], "Inferior frontal sulcus": [[27.546171423859448, 20.29209043476402], [30.46327881587564, 17.38842716697019], [34.83893990390004, 14.4847638991763], [37.75604729591629, 10.129268997485553], [43.590262079948786, 2.870110828000975], [49.42447686398128, -1.4853840736897723], [52.34158425599753, -2.937215707586688], [55.25869164801378, -10.196373877071323], [59.634352736038124, -10.196373877071323], [66.92712121607877, -10.196373877071323], [72.76133600011127, -13.100037144865155]], "Superior temporal sulcus": [[-92.05523164880674, -11.64820551096824], [-94.97233904082296, -24.71469021604048], [-94.97233904082296, -29.070185117731228], [-93.51378534481483, -36.32934328721586], [-92.05523164880674, -42.136669822803526], [-87.67957056078234, -46.49216472449427], [-87.67957056078234, -52.299491260081936], [-84.76246316876609, -59.558649429566515], [-81.84535577674984, -69.72147086684498], [-78.92824838473359, -78.43246067022648], [-78.92824838473359, -84.23978720581414], [-76.01114099271734, -91.49894537529877]], "Middle temporal sulcus": [[-125.60196665699357, -46.67825154280382], [-124.14341296098544, -56.84107298008223], [-121.2263055689692, -65.55206278346378], [-119.76775187296107, -75.71488422074219], [-116.85064448094482, -80.07037912243294], [-113.93353708892857, -87.32953729191752], [-113.93353708892857, -94.58869546140215], [-111.01642969691233, -104.75151689868056], [-106.64076860888795, -112.01067506816514], [-102.26510752086358, -117.81800160375283], [-97.88944643283921, -122.17349650544358]], "Precentral sulcus": [[4.199907335479338, 98.27686688168825], [7.1170166167410684, 88.33743823915188], [7.11701661979572, 81.0782800696673], [5.658462923792456, 75.27095353407964], [10.0341240118168, 66.55996373069814], [12.951231403833049, 59.30080556121351], [12.951231403833049, 50.589815757832014]], "Intra parietal sulcus": [[-52.68368491653251, 49.1379841239351], [-59.976453396573106, 47.68615249003818], [-67.26922187661376, 52.04164739172893], [-76.0205440526625, 59.30080556121351], [-78.93765144467875, 69.46362699849197], [-81.854758836695, 79.62644843577039]]}